{
    "root_group": {
        "name": "",
        "path": "",
        "id": "d41d8cd98f00b204e9800998ecf8427e",
        "groups": {},
        "checks": {}
    },
    "metrics": {
        "http_req_tls_handshaking": {
            "avg": 0,
            "min": 0,
            "med": 0,
            "max": 0,
            "p(90)": 0,
            "p(95)": 0,
            "p(99)": 0
        },
        "vus_max": {
            "value": 4000,
            "min": 4000,
            "max": 4000
        },
        "http_reqs": {
            "count": 193445,
            "rate": 586.2060424931557
        },
        "http_req_waiting": {
            "p(90)": 10000.0184966,
            "p(95)": 10000.5024228,
            "p(99)": 10001.13573636,
            "avg": 3212.7798049842454,
            "min": 0.748504,
            "med": 1438.415524,
            "max": 10019.817989
        },
        "instant_rps": {
            "avg": 2.5745872384876534,
            "min": 0,
            "med": 1,
            "max": 104,
            "p(90)": 2,
            "p(95)": 13,
            "p(99)": 32,
            "thresholds": {
                "p(99)>0": false
            }
        },
        "iteration_duration": {
            "p(90)": 10002.1815255,
            "p(95)": 36185.0592576,
            "p(99)": 42900.83674782,
            "avg": 8713.068190869712,
            "min": 55.385861,
            "med": 8279.1179825,
            "max": 49140.293071
        },
        "vus": {
            "value": 2,
            "min": 2,
            "max": 4000
        },
        "http_req_receiving": {
            "p(90)": 0.0598816,
            "p(95)": 0.08265899999999994,
            "p(99)": 0.1721738399999999,
            "avg": 0.03083686848458121,
            "min": 0,
            "med": 0.022098,
            "max": 47.840763
        },
        "http_req_failed": {
            "passes": 36370,
            "fails": 157075,
            "thresholds": {
                "rate<0.1": true
            },
            "value": 0.18801209646152653
        },
        "http_req_duration": {
            "avg": 3212.826879198293,
            "min": 0.872455,
            "med": 1438.462493,
            "max": 10019.860716,
            "p(90)": 10000.0361074,
            "p(95)": 10000.5241264,
            "p(99)": 10001.15249432
        },
        "http_req_blocked": {
            "p(95)": 0.16728679999999987,
            "p(99)": 3.4825228399999992,
            "avg": 0.3136515855772934,
            "min": 0.000451,
            "med": 0.003148,
            "max": 70.442546,
            "p(90)": 0.11419860000000004
        },
        "http_req_connecting": {
            "p(90)": 0.0828422,
            "p(95)": 0.12273959999999998,
            "p(99)": 3.284395319999985,
            "avg": 0.3039235965002978,
            "min": 0,
            "med": 0,
            "max": 70.398715
        },
        "e2e_time": {
            "p(90)": 43010.9,
            "p(95)": 44684.8,
            "p(99)": 46628.52,
            "avg": 29423.8518136243,
            "min": 55,
            "med": 36454.5,
            "max": 49139,
            "thresholds": {
                "p(95)<60000": false
            }
        },
        "poll_time": {
            "max": 40048,
            "p(90)": 38073.9,
            "p(95)": 38966.2,
            "p(99)": 39828.19,
            "avg": 26334.02757298732,
            "min": 51,
            "med": 32271.5
        },
        "create_time": {
            "p(90)": 10001,
            "p(95)": 10001,
            "p(99)": 10005,
            "avg": 6206.246674390363,
            "min": 3,
            "med": 6210,
            "max": 10045
        },
        "iterations": {
            "count": 71478,
            "rate": 216.60335240159105
        },
        "http_req_duration{expected_response:true}": {
            "med": 422.70768,
            "max": 9997.666095,
            "p(90)": 5138.770418000002,
            "p(95)": 6594.906622199997,
            "p(99)": 9010.420466660007,
            "avg": 1641.5089738823353,
            "min": 0.872455
        },
        "http_req_sending": {
            "med": 0.009921,
            "max": 12.410287,
            "p(90)": 0.02810620000000001,
            "p(95)": 0.040941999999999944,
            "p(99)": 0.09508075999999994,
            "avg": 0.016237345534906675,
            "min": 0.001835
        },
        "data_sent": {
            "count": 62599858,
            "rate": 189699.4754003128
        },
        "data_received": {
            "count": 30060925,
            "rate": 91095.12201366572
        }
    }
}